"Time","Step","Continuous PID Controller"
0,0,0
9.9999999999999995e-07,0,0
5.9999999999999993e-06,0,0
3.0999999999999995e-05,0,0
0.000156,0,0
0.00078100000000000001,0,0
0.001781,0,0
0.0027810000000000001,0,0
0.0037810000000000001,0,0
0.0047810000000000005,0,0
0.0057810000000000005,0,0
0.0067810000000000006,0,0
0.0077810000000000006,0,0
0.0087810000000000006,0,0
0.0097810000000000015,0,0
0.010781000000000002,0,0
0.011781000000000003,0,0
0.012781000000000004,0,0
0.013781000000000005,0,0
0.014781000000000006,0,0
0.015781000000000007,0,0
0.016781000000000008,0,0
0.017781000000000009,0,0
0.018781000000000009,0,0
0.01978100000000001,0,0
0.020781000000000011,0,0
0.021781000000000012,0,0
0.022781000000000013,0,0
0.023781000000000014,0,0
0.024781000000000015,0,0
0.025781000000000016,0,0
0.026781000000000017,0,0
0.027781000000000017,0,0
0.028781000000000018,0,0
0.029781000000000019,0,0
0.03078100000000002,0,0
0.031781000000000018,0,0
0.032781000000000018,0,0
0.033781000000000019,0,0
0.03478100000000002,0,0
0.035781000000000021,0,0
0.036781000000000022,0,0
0.037781000000000023,0,0
0.038781000000000024,0,0
0.039781000000000025,0,0
0.040781000000000026,0,0
0.041781000000000026,0,0
0.042781000000000027,0,0
0.043781000000000028,0,0
0.044781000000000029,0,0
0.04578100000000003,0,0
0.046781000000000031,0,0
0.047781000000000032,0,0
0.048781000000000033,0,0
0.049781000000000034,0,0
0.050781000000000034,0,0
0.051781000000000035,0,0
0.052781000000000036,0,0
0.053781000000000037,0,0
0.054781000000000038,0,0
0.055781000000000039,0,0
0.05678100000000004,0,0
0.057781000000000041,0,0
0.058781000000000042,0,0
0.059781000000000042,0,0
0.060781000000000043,0,0
0.061781000000000044,0,0
0.062781000000000045,0,0
0.063781000000000046,0,0
0.064781000000000047,0,0
0.065781000000000048,0,0
0.066781000000000049,0,0
0.06778100000000005,0,0
0.06878100000000005,0,0
0.069781000000000051,0,0
0.070781000000000052,0,0
0.071781000000000053,0,0
0.072781000000000054,0,0
0.073781000000000055,0,0
0.074781000000000056,0,0
0.075781000000000057,0,0
0.076781000000000058,0,0
0.077781000000000058,0,0
0.078781000000000059,0,0
0.07978100000000006,0,0
0.080781000000000061,0,0
0.081781000000000062,0,0
0.082781000000000063,0,0
0.083781000000000064,0,0
0.084781000000000065,0,0
0.085781000000000066,0,0
0.086781000000000066,0,0
0.087781000000000067,0,0
0.088781000000000068,0,0
0.089781000000000069,0,0
0.09078100000000007,0,0
0.091781000000000071,0,0
0.092781000000000072,0,0
0.093781000000000073,0,0
0.094781000000000074,0,0
0.095781000000000074,0,0
0.096781000000000075,0,0
0.097781000000000076,0,0
0.098781000000000077,0,0
0.099781000000000078,0,0
0.10078100000000008,0,0
0.10178100000000008,0,0
0.10278100000000008,0,0
0.10378100000000008,0,0
0.10478100000000008,0,0
0.10578100000000008,0,0
0.10678100000000008,0,0
0.10778100000000009,0,0
0.10878100000000009,0,0
0.10978100000000009,0,0
0.11078100000000009,0,0
0.11178100000000009,0,0
0.11278100000000009,0,0
0.11378100000000009,0,0
0.11478100000000009,0,0
0.11578100000000009,0,0
0.11678100000000009,0,0
0.11778100000000009,0,0
0.11878100000000009,0,0
0.1197810000000001,0,0
0.1207810000000001,0,0
0.1217810000000001,0,0
0.1227810000000001,0,0
0.1237810000000001,0,0
0.1247810000000001,0,0
0.12578100000000009,0,0
0.12678100000000009,0,0
0.12778100000000009,0,0
0.12878100000000009,0,0
0.12978100000000009,0,0
0.13078100000000009,0,0
0.13178100000000009,0,0
0.13278100000000009,0,0
0.13378100000000009,0,0
0.1347810000000001,0,0
0.1357810000000001,0,0
0.1367810000000001,0,0
0.1377810000000001,0,0
0.1387810000000001,0,0
0.1397810000000001,0,0
0.1407810000000001,0,0
0.1417810000000001,0,0
0.1427810000000001,0,0
0.1437810000000001,0,0
0.1447810000000001,0,0
0.1457810000000001,0,0
0.14678100000000011,0,0
0.14778100000000011,0,0
0.14878100000000011,0,0
0.14978100000000011,0,0
0.15078100000000011,0,0
0.15178100000000011,0,0
0.15278100000000011,0,0
0.15378100000000011,0,0
0.15478100000000011,0,0
0.15578100000000011,0,0
0.15678100000000011,0,0
0.15778100000000012,0,0
0.15878100000000012,0,0
0.15978100000000012,0,0
0.16078100000000012,0,0
0.16178100000000012,0,0
0.16278100000000012,0,0
0.16378100000000012,0,0
0.16478100000000012,0,0
0.16578100000000012,0,0
0.16678100000000012,0,0
0.16778100000000012,0,0
0.16878100000000013,0,0
0.16978100000000013,0,0
0.17078100000000013,0,0
0.17178100000000013,0,0
0.17278100000000013,0,0
0.17378100000000013,0,0
0.17478100000000013,0,0
0.17578100000000013,0,0
0.17678100000000013,0,0
0.17778100000000013,0,0
0.17878100000000013,0,0
0.17978100000000014,0,0
0.18078100000000014,0,0
0.18178100000000014,0,0
0.18278100000000014,0,0
0.18378100000000014,0,0
0.18478100000000014,0,0
0.18578100000000014,0,0
0.18678100000000014,0,0
0.18778100000000014,0,0
0.18878100000000014,0,0
0.18978100000000014,0,0
0.19078100000000014,0,0
0.19178100000000015,0,0
0.19278100000000015,0,0
0.19378100000000015,0,0
0.19478100000000015,0,0
0.19578100000000015,0,0
0.19678100000000015,0,0
0.19778100000000015,0,0
0.19878100000000015,0,0
0.19978100000000015,0,0
0.19999999999999715,0,0
0.20000000000000287,1,2
0.20100000000000287,1,2.0000004998333751
0.20200000000000287,1,2.000001998667333
0.20300000000000287,1,2.0000044955033731
0.20400000000000287,1,2.0000079893439913
0.20500000000000287,1,2.0000124791926823
0.20600000000000288,1,2.0000179640539351
0.20700000000000288,1,2.0000244429332352
0.20800000000000288,1,2.0000319148370607
0.20900000000000288,1,2.0000403787728835
0.21000000000000288,1,2.0000498337491681
0.21100000000000288,1,2.000060278775369
0.21200000000000288,1,2.0000717128619305
0.21300000000000288,1,2.0000841350202876
0.21400000000000288,1,2.0000975442628617
0.21500000000000288,1,2.0001119396030629
0.21600000000000288,1,2.0001273200552849
0.21700000000000289,1,2.0001436846349097
0.21800000000000289,1,2.0001610323583008
0.21900000000000289,1,2.0001793622428061
0.22000000000000289,1,2.0001986733067554
0.22100000000000289,1,2.0002189645694597
0.22200000000000289,1,2.0002402350512098
0.22300000000000289,1,2.0002624837732772
0.22400000000000289,1,2.0002857097579092
0.22500000000000289,1,2.0003099120283325
0.22600000000000289,1,2.0003350896087491
0.22700000000000289,1,2.0003612415243368
0.22800000000000289,1,2.0003883668012468
0.2290000000000029,1,2.0004164644666047
0.2300000000000029,1,2.0004455335485081
0.2310000000000029,1,2.000475573076026
0.2320000000000029,1,2.0005065820791974
0.2330000000000029,1,2.0005385595890322
0.2340000000000029,1,2.0005715046375063
0.2350000000000029,1,2.0006054162575664
0.2360000000000029,1,2.0006402934831229
0.2370000000000029,1,2.0006761353490536
0.2380000000000029,1,2.0007129408911992
0.2390000000000029,1,2.000750709146367
0.24000000000000291,1,2.0007894391523231
0.24100000000000291,1,2.0008291299477987
0.24200000000000291,1,2.0008697805724847
0.24300000000000291,1,2.000911390067031
0.24400000000000291,1,2.0009539574730466
0.24500000000000291,1,2.0009974818331
0.24600000000000291,1,2.0010419621907145
0.24700000000000291,1,2.0010873975903714
0.24800000000000291,1,2.0011337870775048
0.24900000000000291,1,2.0011811296985047
0.25000000000000289,1,2.0012294245007141
0.25100000000000289,1,2.001278670532427
0.25200000000000289,1,2.0013288668428895
0.25300000000000289,1,2.001380012482298
0.25400000000000289,1,2.0014321065017984
0.25500000000000289,1,2.0014851479534839
0.25600000000000289,1,2.0015391358903964
0.25700000000000289,1,2.0015940693665235
0.25800000000000289,1,2.0016499474367984
0.25900000000000289,1,2.0017067691570998
0.2600000000000029,1,2.0017645335842489
0.2610000000000029,1,2.0018232397760096
0.2620000000000029,1,2.0018828867910887
0.2630000000000029,1,2.0019434736891335
0.2640000000000029,1,2.0020049995307296
0.2650000000000029,1,2.0020674633774034
0.2660000000000029,1,2.0021308642916189
0.2670000000000029,1,2.0021952013367765
0.2680000000000029,1,2.0022604735772136
0.2690000000000029,1,2.0023266800782018
0.2700000000000029,1,2.0023938199059481
0.27100000000000291,1,2.0024618921275921
0.27200000000000291,1,2.0025308958112058
0.27300000000000291,1,2.0026008300257927
0.27400000000000291,1,2.002671693841287
0.27500000000000291,1,2.0027434863285531
0.27600000000000291,1,2.0028162065593822
0.27700000000000291,1,2.0028898536064954
0.27800000000000291,1,2.0029644265435396
0.27900000000000291,1,2.0030399244450869
0.28000000000000291,1,2.0031163463866357
0.28100000000000291,1,2.0031936914446082
0.28200000000000292,1,2.0032719586963488
0.28300000000000292,1,2.0033511472201249
0.28400000000000292,1,2.0034312560951246
0.28500000000000292,1,2.0035122844014572
0.28600000000000292,1,2.0035942312201511
0.28700000000000292,1,2.0036770956331522
0.28800000000000292,1,2.0037608767233257
0.28900000000000292,1,2.003845573574452
0.29000000000000292,1,2.0039311852712283
0.29100000000000292,1,2.0040177108992658
0.29200000000000292,1,2.0041051495450906
0.29300000000000292,1,2.0041935002961404
0.29400000000000293,1,2.0042827622407673
0.29500000000000293,1,2.0043729344682317
0.29600000000000293,1,2.0044640160687064
0.29700000000000293,1,2.0045560061332726
0.29800000000000293,1,2.004648903753921
0.29900000000000293,1,2.0047427080235485
0.30000000000000293,1,2.0048374180359598
0.30100000000000293,1,2.0049330328858641
0.30200000000000293,1,2.0050295516688772
0.30300000000000293,1,2.0051269734815165
0.30400000000000293,1,2.0052252974212048
0.30500000000000294,1,2.0053245225862657
0.30600000000000294,1,2.0054246480759241
0.30700000000000294,1,2.0055256729903057
0.30800000000000294,1,2.0056275964304349
0.30900000000000294,1,2.0057304174982353
0.31000000000000294,1,2.0058341352965283
0.31100000000000294,1,2.0059387489290312
0.31200000000000294,1,2.0060442575003572
0.31300000000000294,1,2.0061506601160155
0.31400000000000294,1,2.0062579558824085
0.31500000000000294,1,2.0063661439068317
0.31600000000000295,1,2.0064752232974725
0.31700000000000295,1,2.0065851931634113
0.31800000000000295,1,2.0066960526146174
0.31900000000000295,1,2.0068078007619503
0.32000000000000295,1,2.0069204367171576
0.32100000000000295,1,2.0070339595928757
0.32200000000000295,1,2.0071483685026275
0.32300000000000295,1,2.0072636625608209
0.32400000000000295,1,2.0073798408827512
0.32500000000000295,1,2.0074969025845952
0.32600000000000295,1,2.0076148467834161
0.32700000000000295,1,2.0077336725971571
0.32800000000000296,1,2.007853379144644
0.32900000000000296,1,2.0079739655455833
0.33000000000000296,1,2.0080954309205614
0.33100000000000296,1,2.0082177743910439
0.33200000000000296,1,2.0083409950793731
0.33300000000000296,1,2.008465092108771
0.33400000000000296,1,2.0085900646033341
0.33500000000000296,1,2.0087159116880344
0.33600000000000296,1,2.0088426324887196
0.33700000000000296,1,2.0089702261321096
0.33800000000000296,1,2.0090986917457982
0.33900000000000297,1,2.0092280284582515
0.34000000000000297,1,2.009358235398806
0.34100000000000297,1,2.009489311697668
0.34200000000000297,1,2.0096212564859144
0.34300000000000297,1,2.0097540688954889
0.34400000000000297,1,2.0098877480592048
0.34500000000000297,1,2.0100222931107412
0.34600000000000297,1,2.0101577031846425
0.34700000000000297,1,2.0102939774163193
0.34800000000000297,1,2.0104311149420457
0.34900000000000297,1,2.0105691148989582
0.35000000000000298,1,2.0107079764250582
0.35100000000000298,1,2.0108476986592057
0.35200000000000298,1,2.0109882807411235
0.35300000000000298,1,2.0111297218113937
0.35400000000000298,1,2.0112720210114574
0.35500000000000298,1,2.0114151774836135
0.35600000000000298,1,2.0115591903710186
0.35700000000000298,1,2.0117040588176853
0.35800000000000298,1,2.0118497819684817
0.35900000000000298,1,2.0119963589691316
0.36000000000000298,1,2.0121437889662115
0.36100000000000299,1,2.0122920711071512
0.36200000000000299,1,2.0124412045402327
0.36300000000000299,1,2.0125911884145902
0.36400000000000299,1,2.0127420218802068
0.36500000000000299,1,2.012893704087916
0.36600000000000299,1,2.0130462341893995
0.36700000000000299,1,2.0131996113371882
0.36800000000000299,1,2.0133538346846587
0.36900000000000299,1,2.0135089033860343
0.37000000000000299,1,2.0136648165963837
0.37100000000000299,1,2.0138215734716201
0.37200000000000299,1,2.0139791731684999
0.373000000000003,1,2.0141376148446231
0.374000000000003,1,2.0142968976584319
0.375000000000003,1,2.0144570207692074
0.376000000000003,1,2.0146179833370743
0.377000000000003,1,2.014779784522994
0.378000000000003,1,2.0149424234887681
0.379000000000003,1,2.0151058993970357
0.380000000000003,1,2.0152702114112722
0.381000000000003,1,2.0154353586957896
0.382000000000003,1,2.0156013404157358
0.383000000000003,1,2.0157681557370912
0.38400000000000301,1,2.0159358038266717
0.38500000000000301,1,2.0161042838521257
0.38600000000000301,1,2.016273594981933
0.38700000000000301,1,2.016443736385404
0.38800000000000301,1,2.016614707232681
0.38900000000000301,1,2.0167865066947339
0.39000000000000301,1,2.0169591339433626
0.39100000000000301,1,2.0171325881511941
0.39200000000000301,1,2.0173068684916826
0.39300000000000301,1,2.0174819741391081
0.39400000000000301,1,2.0176579042685772
0.39500000000000302,1,2.0178346580560187
0.39600000000000302,1,2.0180122346781868
0.39700000000000302,1,2.018190633312658
0.39800000000000302,1,2.0183698531378313
0.39900000000000302,1,2.018549893332926
0.40000000000000302,1,2.0187307530779819
0.40100000000000302,1,2.0189124315538596
0.40200000000000302,1,2.0190949279422368
0.40300000000000302,1,2.0192782414256101
0.40400000000000302,1,2.0194623711872928
0.40500000000000302,1,2.0196473164114148
0.40600000000000303,1,2.0198330762829206
0.40700000000000303,1,2.0200196499875713
0.40800000000000303,1,2.0202070367119394
0.40900000000000303,1,2.0203952356434116
0.41000000000000303,1,2.0205842459701877
0.41100000000000303,1,2.0207740668812764
0.41200000000000303,1,2.0209646975664999
0.41300000000000303,1,2.0211561372164883
0.41400000000000303,1,2.0213483850226819
0.41500000000000303,1,2.0215414401773271
0.41600000000000303,1,2.0217353018734801
0.41700000000000303,1,2.0219299693050017
0.41800000000000304,1,2.0221254416665602
0.41900000000000304,1,2.0223217181536266
0.42000000000000304,1,2.0225187979624786
0.42100000000000304,1,2.0227166802901957
0.42200000000000304,1,2.0229153643346596
0.42300000000000304,1,2.0231148492945543
0.42400000000000304,1,2.0233151343693656
0.42500000000000304,1,2.0235162187593771
0.42600000000000304,1,2.0237181016656747
0.42700000000000304,1,2.0239207822901397
0.42800000000000304,1,2.0241242598354541
0.42900000000000305,1,2.024328533505094
0.43000000000000305,1,2.0245336025033343
0.43100000000000305,1,2.0247394660352431
0.43200000000000305,1,2.0249461233066839
0.43300000000000305,1,2.0251535735243142
0.43400000000000305,1,2.0253618158955842
0.43500000000000305,1,2.0255708496287359
0.43600000000000305,1,2.025780673932803
0.43700000000000305,1,2.0259912880176101
0.43800000000000305,1,2.0262026910937707
0.43900000000000305,1,2.0264148823726882
0.44000000000000306,1,2.0266278610665536
0.44100000000000306,1,2.0268416263883458
0.44200000000000306,1,2.0270561775518301
0.44300000000000306,1,2.0272715137715567
0.44400000000000306,1,2.0274876342628629
0.44500000000000306,1,2.0277045382418684
0.44600000000000306,1,2.0279222249254776
0.44700000000000306,1,2.0281406935313768
0.44800000000000306,1,2.0283599432780344
0.44900000000000306,1,2.0285799733847005
0.45000000000000306,1,2.0288007830714054
0.45100000000000307,1,2.0290223715589577
0.45200000000000307,1,2.0292447380689467
0.45300000000000307,1,2.0294678818237379
0.45400000000000307,1,2.029691802046476
0.45500000000000307,1,2.0299164979610813
0.45600000000000307,1,2.0301419687922486
0.45700000000000307,1,2.0303682137654495
0.45800000000000307,1,2.0305952321069283
0.45900000000000307,1,2.0308230230437037
0.46000000000000307,1,2.0310515858035663
0.46100000000000307,1,2.0312809196150794
0.46200000000000307,1,2.031511023707576
0.46300000000000308,1,2.0317418973111607
0.46400000000000308,1,2.0319735396567062
0.46500000000000308,1,2.032205949975856
0.46600000000000308,1,2.0324391275010196
0.46700000000000308,1,2.032673071465374
0.46800000000000308,1,2.032907781102864
0.46900000000000308,1,2.033143255648199
0.47000000000000308,1,2.0333794943368533
0.47100000000000308,1,2.0336164964050658
0.47200000000000308,1,2.0338542610898376
0.47300000000000308,1,2.0340927876289343
0.47400000000000309,1,2.034332075260882
0.47500000000000309,1,2.0345721232249687
0.47600000000000309,1,2.0348129307612415
0.47700000000000309,1,2.0350544971105085
0.47800000000000309,1,2.0352968215143354
0.47900000000000309,1,2.0355399032150476
0.48000000000000309,1,2.0357837414557256
0.48100000000000309,1,2.036028335480208
0.48200000000000309,1,2.0362736845330893
0.48300000000000309,1,2.0365197878597177
0.48400000000000309,1,2.0367666447061965
0.4850000000000031,1,2.0370142543193825
0.4860000000000031,1,2.0372626159468865
0.4870000000000031,1,2.0375117288370683
0.4880000000000031,1,2.0377615922390415
0.4890000000000031,1,2.0380122054026697
0.4900000000000031,1,2.0382635675785652
0.4910000000000031,1,2.0385156780180913
0.4920000000000031,1,2.0387685359733574
0.4930000000000031,1,2.039022140697222
0.4940000000000031,1,2.0392764914432888
0.4950000000000031,1,2.0395315874659099
0.49600000000000311,1,2.0397874280201798
0.49700000000000311,1,2.0400440123619403
0.49800000000000311,1,2.0403013397477747
0.49900000000000311,1,2.0405594094350108
0.50000000000000311,1,2.040818220681718
0.50100000000000311,1,2.041077772746708
0.50200000000000311,1,2.0413380648895325
0.50300000000000311,1,2.0415990963704829
0.50400000000000311,1,2.0418608664505915
0.50500000000000311,1,2.0421233743916281
0.50600000000000311,1,2.0423866194561002
0.50700000000000311,1,2.0426506009072538
0.50800000000000312,1,2.0429153180090691
0.50900000000000312,1,2.0431807700262636
0.51000000000000312,1,2.0434469562242894
0.51100000000000312,1,2.043713875869333
0.51200000000000312,1,2.0439815282283131
0.51300000000000312,1,2.0442499125688824
0.51400000000000312,1,2.0445190281594252
0.51500000000000312,1,2.0447888742690572
0.51600000000000312,1,2.0450594501676242
0.51700000000000312,1,2.0453307551257023
0.51800000000000312,1,2.045602788414596
0.51900000000000313,1,2.0458755493063387
0.52000000000000313,1,2.0461490370736914
0.52100000000000313,1,2.0464232509901419
0.52200000000000313,1,2.0466981903299035
0.52300000000000313,1,2.0469738543679159
0.52400000000000313,1,2.0472502423798429
0.52500000000000313,1,2.0475273536420726
0.52600000000000313,1,2.0478051874317167
0.52700000000000313,1,2.0480837430266075
0.52800000000000313,1,2.048363019705302
0.52900000000000313,1,2.0486430167470759
0.53000000000000314,1,2.048923733431927
0.53100000000000314,1,2.049205169040571
0.53200000000000314,1,2.0494873228544437
0.53300000000000314,1,2.0497701941556996
0.53400000000000314,1,2.0500537822272094
0.53500000000000314,1,2.0503380863525607
0.53600000000000314,1,2.050623105816058
0.53700000000000314,1,2.0509088399027209
0.53800000000000314,1,2.0511952878982829
0.53900000000000314,1,2.0514824490891925
0.54000000000000314,1,2.0517703227626107
0.54100000000000315,1,2.0520589082064102
0.54200000000000315,1,2.0523482047091779
0.54300000000000315,1,2.0526382115602093
0.54400000000000315,1,2.0529289280495115
0.54500000000000315,1,2.0532203534678009
0.54600000000000315,1,2.0535124871065022
0.54700000000000315,1,2.0538053282577504
0.54800000000000315,1,2.0540988762143852
0.54900000000000315,1,2.054393130269955
0.55000000000000315,1,2.0546880897187139
0.55100000000000315,1,2.0549837538556219
0.55200000000000315,1,2.0552801219763417
0.55300000000000316,1,2.0555771933772422
0.55400000000000316,1,2.0558749673553951
0.55500000000000316,1,2.0561734432085732
0.55600000000000316,1,2.0564726202352532
0.55700000000000316,1,2.0567724977346118
0.55800000000000316,1,2.0570730750065263
0.55900000000000316,1,2.0573743513515743
0.56000000000000316,1,2.0576763260710318
0.56100000000000316,1,2.0579789984668735
0.56200000000000316,1,2.0582823678417714
0.56300000000000316,1,2.0585864334990958
0.56400000000000317,1,2.0588911947429116
0.56500000000000317,1,2.0591966508779795
0.56600000000000317,1,2.0595028012097565
0.56700000000000317,1,2.0598096450443926
0.56800000000000317,1,2.0601171816887311
0.56900000000000317,1,2.0604254104503092
0.57000000000000317,1,2.0607343306373553
0.57100000000000317,1,2.0610439415587898
0.57200000000000317,1,2.0613542425242231
0.57300000000000317,1,2.0616652328439562
0.57400000000000317,1,2.0619769118289799
0.57500000000000318,1,2.0622892787909728
0.57600000000000318,1,2.0626023330423018
0.57700000000000318,1,2.0629160738960208
0.57800000000000318,1,2.0632305006658713
0.57900000000000318,1,2.063545612666279
0.58000000000000318,1,2.0638614092123566
0.58100000000000318,1,2.0641778896199003
0.58200000000000318,1,2.0644950532053912
0.58300000000000318,1,2.0648128992859913
0.58400000000000318,1,2.0651314271795478
0.58500000000000318,1,2.0654506362045884
0.58600000000000319,1,2.065770525680322
0.58700000000000319,1,2.0660910949266378
0.58800000000000319,1,2.0664123432641048
0.58900000000000319,1,2.0667342700139719
0.59000000000000319,1,2.0670568744981654
0.59100000000000319,1,2.0673801560392899
0.59200000000000319,1,2.0677041139606267
0.59300000000000319,1,2.0680287475861339
0.59400000000000319,1,2.068354056240445
0.59500000000000319,1,2.0686800392488687
0.59600000000000319,1,2.0690066959373876
0.59700000000000319,1,2.0693340256326582
0.5980000000000032,1,2.0696620276620106
0.5990000000000032,1,2.0699907013534466
0.6000000000000032,1,2.0703200460356399
0.6010000000000032,1,2.0706500610379353
0.6020000000000032,1,2.0709807456903473
0.6030000000000032,1,2.0713120993235612
0.6040000000000032,1,2.07164412126893
0.6050000000000032,1,2.0719768108584753
0.6060000000000032,1,2.0723101674248872
0.6070000000000032,1,2.072644190301522
0.6080000000000032,1,2.0729788788224028
0.60900000000000321,1,2.0733142323222178
0.61000000000000321,1,2.0736502501363203
0.61100000000000321,1,2.0739869316007282
0.61200000000000321,1,2.0743242760521232
0.61300000000000321,1,2.0746622828278496
0.61400000000000321,1,2.0750009512659133
0.61500000000000321,1,2.0753402807049839
0.61600000000000321,1,2.0756802704843902
0.61700000000000321,1,2.076020919944122
0.61800000000000321,1,2.076362228424828
0.61900000000000321,1,2.0767041952678182
0.62000000000000322,1,2.0770468198150578
0.62100000000000322,1,2.0773901014091725
0.62200000000000322,1,2.0777340393934427
0.62300000000000322,1,2.0780786331118075
0.62400000000000322,1,2.0784238819088596
0.62500000000000322,1,2.0787697851298486
0.62600000000000322,1,2.0791163421206766
0.62700000000000322,1,2.0794635522279017
0.62800000000000322,1,2.0798114147987334
0.62900000000000322,1,2.0801599291810335
0.63000000000000322,1,2.0805090947233178
0.63100000000000322,1,2.0808589107747508
0.63200000000000323,1,2.0812093766851487
0.63300000000000323,1,2.0815604918049773
0.63400000000000323,1,2.081912255485352
0.63500000000000323,1,2.0822646670780358
0.63600000000000323,1,2.0826177259354406
0.63700000000000323,1,2.0829714314106256
0.63800000000000323,1,2.0833257828572957
0.63900000000000323,1,2.0836807796298022
0.64000000000000323,1,2.0840364210831424
0.64100000000000323,1,2.0843927065729573
0.64200000000000323,1,2.0847496354555322
0.64300000000000324,1,2.0851072070877961
0.64400000000000324,1,2.0854654208273207
0.64500000000000324,1,2.0858242760323198
0.64600000000000324,1,2.0861837720616481
0.64700000000000324,1,2.0865439082748019
0.64800000000000324,1,2.086904684031917
0.64900000000000324,1,2.0872660986937697
0.65000000000000324,1,2.0876281516217743
0.65100000000000324,1,2.0879908421779834
0.65200000000000324,1,2.088354169725088
0.65300000000000324,1,2.0887181336264153
0.65400000000000325,1,2.0890827332459292
0.65500000000000325,1,2.089447967948229
0.65600000000000325,1,2.08981383709855
0.65700000000000325,1,2.0901803400627608
0.65800000000000325,1,2.0905474762073641
0.65900000000000325,1,2.090915244899497
0.66000000000000325,1,2.0912836455069268
0.66100000000000325,1,2.0916526773980548
0.66200000000000325,1,2.0920223399419129
0.66300000000000325,1,2.0923926325081639
0.66400000000000325,1,2.0927635544670995
0.66500000000000326,1,2.0931351051896416
0.66600000000000326,1,2.0935072840473419
0.66700000000000326,1,2.093880090412378
0.66800000000000326,1,2.094253523657557
0.66900000000000326,1,2.0946275831563117
0.67000000000000326,1,2.0950022682827019
0.67100000000000326,1,2.0953775784114121
0.67200000000000326,1,2.0957535129177534
0.67300000000000326,1,2.0961300711776589
0.67400000000000326,1,2.096507252567688
0.67500000000000326,1,2.0968850564650214
0.67600000000000326,1,2.0972634822474632
0.67700000000000327,1,2.0976425292934389
0.67800000000000327,1,2.0980221969819954
0.67900000000000327,1,2.0984024846928007
0.68000000000000327,1,2.0987833918061423
0.68100000000000327,1,2.0991649177029275
0.68200000000000327,1,2.0995470617646816
0.68300000000000327,1,2.0999298233735488
0.68400000000000327,1,2.1003132019122912
0.68500000000000327,1,2.1006971967642865
0.68600000000000327,1,2.1010818073135304
0.68700000000000327,1,2.1014670329446323
0.68800000000000328,1,2.1018528730428185
0.68900000000000328,1,2.1022393269939292
0.69000000000000328,1,2.1026263941844174
0.69100000000000328,1,2.1030140740013517
0.69200000000000328,1,2.1034023658324101
0.69300000000000328,1,2.1037912690658858
0.69400000000000328,1,2.1041807830906816
0.69500000000000328,1,2.1045709072963108
0.69600000000000328,1,2.1049616410728982
0.69700000000000328,1,2.1053529838111777
0.69800000000000328,1,2.1057449349024919
0.69900000000000329,1,2.1061374937387911
0.70000000000000329,1,2.106530659712635
0.70100000000000329,1,2.1069244322171889
0.70200000000000329,1,2.1073188106462255
0.70300000000000329,1,2.1077137943941233
0.70400000000000329,1,2.1081093828558664
0.70500000000000329,1,2.1085055754270421
0.70600000000000329,1,2.1089023715038433
0.70700000000000329,1,2.1092997704830667
0.70800000000000329,1,2.1096977717621108
0.70900000000000329,1,2.1100963747389767
0.7100000000000033,1,2.1104955788122672
0.7110000000000033,1,2.110895383381187
0.7120000000000033,1,2.1112957878455401
0.7130000000000033,1,2.1116967916057305
0.7140000000000033,1,2.1120983940627629
0.7150000000000033,1,2.1125005946182389
0.7160000000000033,1,2.1129033926743594
0.7170000000000033,1,2.1133067876339222
0.7180000000000033,1,2.1137107789003227
0.7190000000000033,1,2.1141153658775513
0.7200000000000033,1,2.1145205479701956
0.7210000000000033,1,2.1149263245834375
0.72200000000000331,1,2.1153326951230533
0.72300000000000331,1,2.1157396589954138
0.72400000000000331,1,2.1161472156074828
0.72500000000000331,1,2.1165553643668167
0.72600000000000331,1,2.1169641046815637
0.72700000000000331,1,2.1173734359604652
0.72800000000000331,1,2.117783357612852
0.72900000000000331,1,2.1181938690486453
0.73000000000000331,1,2.1186049696783567
0.73100000000000331,1,2.119016658913087
0.73200000000000331,1,2.1194289361645247
0.73300000000000332,1,2.1198418008449478
0.73400000000000332,1,2.1202552523672207
0.73500000000000332,1,2.1206692901447948
0.73600000000000332,1,2.1210839135917081
0.73700000000000332,1,2.1214991221225836
0.73800000000000332,1,2.12191491515263
0.73900000000000332,1,2.1223312920976403
0.74000000000000332,1,2.1227482523739911
0.74100000000000332,1,2.1231657953986427
0.74200000000000332,1,2.1235839205891383
0.74300000000000332,1,2.1240026273636028
0.74400000000000333,1,2.1244219151407435
0.74500000000000333,1,2.1248417833398476
0.74600000000000333,1,2.1252622313807832
0.74700000000000333,1,2.1256832586839987
0.74800000000000333,1,2.1261048646705212
0.74900000000000333,1,2.1265270487619561
0.75000000000000333,1,2.1269498103804878
0.75100000000000333,1,2.1273731489488785
0.75200000000000333,1,2.127797063890466
0.75300000000000333,1,2.1282215546291652
0.75400000000000333,1,2.1286466205894672
0.75500000000000334,1,2.1290722611964372
0.75600000000000334,1,2.1294984758757165
0.75700000000000334,1,2.1299252640535196
0.75800000000000334,1,2.1303526251566343
0.75900000000000334,1,2.1307805586124222
0.76000000000000334,1,2.1312090638488161
0.76100000000000334,1,2.1316381402943216
0.76200000000000334,1,2.1320677873780145
0.76300000000000334,1,2.132498004529543
0.76400000000000334,1,2.1329287911791228
0.76500000000000334,1,2.1333601467575418
0.76600000000000334,1,2.1337920706961544
0.76700000000000335,1,2.1342245624268852
0.76800000000000335,1,2.1346576213822259
0.76900000000000335,1,2.135091246995235
0.77000000000000335,1,2.1355254386995384
0.77100000000000335,1,2.1359601959293277
0.77200000000000335,1,2.1363955181193597
0.77300000000000335,1,2.136831404704957
0.77400000000000335,1,2.1372678551220061
0.77500000000000335,1,2.1377048688069573
0.77600000000000335,1,2.1381424451968236
0.77700000000000335,1,2.1385805837291825
0.77800000000000336,1,2.1390192838421718
0.77900000000000336,1,2.1394585449744916
0.78000000000000336,1,2.1398983665654034
0.78100000000000336,1,2.1403387480547282
0.78200000000000336,1,2.1407796888828474
0.78300000000000336,1,2.1412211884907029
0.78400000000000336,1,2.1416632463197924
0.78500000000000336,1,2.1421058618121753
0.78600000000000336,1,2.1425490344104663
0.78700000000000336,1,2.1429927635578379
0.78800000000000336,1,2.1434370486980194
0.78900000000000337,1,2.1438818892752964
0.79000000000000337,1,2.1443272847345085
0.79100000000000337,1,2.1447732345210513
0.79200000000000337,1,2.1452197380808751
0.79300000000000337,1,2.1456667948604831
0.79400000000000337,1,2.1461144043069318
0.79500000000000337,1,2.1465625658678311
0.79600000000000337,1,2.147011278991342
0.79700000000000337,1,2.147460543126178
0.79800000000000337,1,2.147910357721603
0.79900000000000337,1,2.148360722227431
0.80000000000000338,1,2.1488116360940279
0.80100000000000338,1,2.1492630987723058
0.80200000000000338,1,2.1497151097137288
0.80300000000000338,1,2.1501676683703068
0.80400000000000338,1,2.1506207741945991
0.80500000000000338,1,2.1510744266397106
0.80600000000000338,1,2.1515286251592944
0.80700000000000338,1,2.1519833692075494
0.80800000000000338,1,2.1524386582392183
0.80900000000000338,1,2.1528944917095911
0.81000000000000338,1,2.1533508690745009
0.81100000000000338,1,2.1538077897903252
0.81200000000000339,1,2.1542652533139846
0.81300000000000339,1,2.1547232591029424
0.81400000000000339,1,2.1551818066152042
0.81500000000000339,1,2.1556408953093178
0.81600000000000339,1,2.1561005246443719
0.81700000000000339,1,2.1565606940799955
0.81800000000000339,1,2.1570214030763584
0.81900000000000339,1,2.1574826510941691
0.82000000000000339,1,2.1579444375946757
0.82100000000000339,1,2.158406762039665
0.82200000000000339,1,2.1588696238914609
0.8230000000000034,1,2.1593330226129255
0.8240000000000034,1,2.1597969576674574
0.8250000000000034,1,2.1602614285189916
0.8260000000000034,1,2.1607264346319988
0.8270000000000034,1,2.1611919754714854
0.8280000000000034,1,2.1616580505029921
0.8290000000000034,1,2.1621246591925933
0.8300000000000034,1,2.1625918010068985
0.8310000000000034,1,2.163059475413049
0.8320000000000034,1,2.1635276818787195
0.8330000000000034,1,2.1639964198721158
0.83400000000000341,1,2.1644656888619762
0.83500000000000341,1,2.1649354883175698
0.83600000000000341,1,2.1654058177086961
0.83700000000000341,1,2.1658766765056838
0.83800000000000341,1,2.1663480641793922
0.83900000000000341,1,2.1668199802012094
0.84000000000000341,1,2.1672924240430498
0.84100000000000341,1,2.1677653951773586
0.84200000000000341,1,2.1682388930771066
0.84300000000000341,1,2.1687129172157915
0.84400000000000341,1,2.1691874670674376
0.84500000000000342,1,2.169662542106594
0.84600000000000342,1,2.1701381418083368
0.84700000000000342,1,2.1706142656482648
0.84800000000000342,1,2.171090913102502
0.84900000000000342,1,2.171568083647696
0.85000000000000342,1,2.1720457767610171
0.85100000000000342,1,2.1725239919201584
0.85200000000000342,1,2.1730027286033358
0.85300000000000342,1,2.1734819862892847
0.85400000000000342,1,2.1739617644572631
0.85500000000000342,1,2.1744420625870493
0.85600000000000342,1,2.1749228801589418
0.85700000000000343,1,2.1754042166537571
0.85800000000000343,1,2.1758860715528328
0.85900000000000343,1,2.1763684443380229
0.86000000000000343,1,2.1768513344917007
0.86100000000000343,1,2.1773347414967557
0.86200000000000343,1,2.1778186648365954
0.86300000000000343,1,2.1783031039951428
0.86400000000000343,1,2.1787880584568375
0.86500000000000343,1,2.1792735277066333
0.86600000000000343,1,2.1797595112299999
0.86700000000000343,1,2.1802460085129201
0.86800000000000344,1,2.1807330190418917
0.86900000000000344,1,2.181220542303925
0.87000000000000344,1,2.1817085777865435
0.87100000000000344,1,2.1821971249777823
0.87200000000000344,1,2.1826861833661892
0.87300000000000344,1,2.1831757524408215
0.87400000000000344,1,2.1836658316912487
0.87500000000000344,1,2.1841564206075503
0.87600000000000344,1,2.1846475186803151
0.87700000000000344,1,2.1851391254006405
0.87800000000000344,1,2.1856312402601339
0.87900000000000345,1,2.1861238627509101
0.88000000000000345,1,2.1866169923655909
0.88100000000000345,1,2.1871106285973063
0.88200000000000345,1,2.1876047709396924
0.88300000000000345,1,2.1880994188868921
0.88400000000000345,1,2.1885945719335522
0.88500000000000345,1,2.1890902295748269
0.88600000000000345,1,2.1895863913063724
0.88700000000000345,1,2.1900830566243519
0.88800000000000345,1,2.1905802250254296
0.88900000000000345,1,2.1910778960067741
0.89000000000000346,1,2.1915760690660564
0.89100000000000346,1,2.1920747437014501
0.89200000000000346,1,2.1925739194116289
0.89300000000000346,1,2.1930735956957688
0.89400000000000346,1,2.1935737720535462
0.89500000000000346,1,2.1940744479851375
0.89600000000000346,1,2.1945756229912177
0.89700000000000346,1,2.1950772965729626
0.89800000000000346,1,2.1955794682320455
0.89900000000000346,1,2.196082137470639
0.90000000000000346,1,2.1965853037914105
0.90100000000000346,1,2.1970889666975273
0.90200000000000347,1,2.1975931256926522
0.90300000000000347,1,2.1980977802809445
0.90400000000000347,1,2.1986029299670578
0.90500000000000347,1,2.1991085742561429
0.90600000000000347,1,2.1996147126538426
0.90700000000000347,1,2.2001213446662966
0.90800000000000347,1,2.2006284698001366
0.90900000000000347,1,2.201136087562487
0.91000000000000347,1,2.2016441974609657
0.91100000000000347,1,2.2021527990036835
0.91200000000000347,1,2.2026618916992411
0.91300000000000348,1,2.2031714750567311
0.91400000000000348,1,2.2036815485857368
0.91500000000000348,1,2.2041921117963321
0.91600000000000348,1,2.20470316419908
0.91700000000000348,1,2.2052147053050328
0.91800000000000348,1,2.2057267346257317
0.91900000000000348,1,2.2062392516732059
0.92000000000000348,1,2.2067522559599722
0.92100000000000348,1,2.2072657469990351
0.92200000000000348,1,2.2077797243038857
0.92300000000000348,1,2.2082941873885007
0.92400000000000349,1,2.2088091357673441
0.92500000000000349,1,2.2093245689553633
0.92600000000000349,1,2.2098404864679915
0.92700000000000349,1,2.2103568878211473
0.92800000000000349,1,2.2108737725312304
0.92900000000000349,1,2.2113911401151265
0.93000000000000349,1,2.2119089900902029
0.93100000000000349,1,2.2124273219743102
0.93200000000000349,1,2.2129461352857791
0.93300000000000349,1,2.2134654295434233
0.93400000000000349,1,2.2139852042665371
0.93500000000000349,1,2.2145054589748954
0.9360000000000035,1,2.2150261931887525
0.9370000000000035,1,2.2155474064288425
0.9380000000000035,1,2.2160690982163791
0.9390000000000035,1,2.2165912680730537
0.9400000000000035,1,2.2171139155210358
0.9410000000000035,1,2.2176370400829732
0.9420000000000035,1,2.2181606412819908
0.9430000000000035,1,2.2186847186416889
0.9440000000000035,1,2.2192092716861462
0.9450000000000035,1,2.2197342999399137
0.9460000000000035,1,2.2202598029280214
0.94700000000000351,1,2.2207857801759712
0.94800000000000351,1,2.2213122312097409
0.94900000000000351,1,2.2218391555557808
0.95000000000000351,1,2.2223665527410161
0.95100000000000351,1,2.2228944222928435
0.95200000000000351,1,2.2234227637391322
0.95300000000000351,1,2.2239515766082238
0.95400000000000351,1,2.2244808604289315
0.95500000000000351,1,2.2250106147305386
0.95600000000000351,1,2.2255408390428002
0.95700000000000351,1,2.2260715328959395
0.95800000000000352,1,2.2266026958206511
0.95900000000000352,1,2.2271343273480975
0.96000000000000352,1,2.2276664270099102
0.96100000000000352,1,2.2281989943381886
0.96200000000000352,1,2.2287320288655006
0.96300000000000352,1,2.2292655301248803
0.96400000000000352,1,2.2297994976498292
0.96500000000000352,1,2.230333930974314
0.96600000000000352,1,2.2308688296327688
0.96700000000000352,1,2.2314041931600919
0.96800000000000352,1,2.2319400210916474
0.96900000000000353,1,2.2324763129632621
0.97000000000000353,1,2.2330130683112288
0.97100000000000353,1,2.233550286672302
0.97200000000000353,1,2.2340879675837009
0.97300000000000353,1,2.2346261105831053
0.97400000000000353,1,2.2351647152086591
0.97500000000000353,1,2.2357037809989668
0.97600000000000353,1,2.2362433074930932
0.97700000000000353,1,2.2367832942305661
0.97800000000000353,1,2.2373237407513709
0.97900000000000353,1,2.2378646465959555
0.98000000000000353,1,2.2384060113052242
0.98100000000000354,1,2.2389478344205429
0.98200000000000354,1,2.2394901154837337
0.98300000000000354,1,2.2400328540370786
0.98400000000000354,1,2.2405760496233151
0.98500000000000354,1,2.2411197017856397
0.98600000000000354,1,2.241663810067704
0.98700000000000354,1,2.2422083740136163
0.98800000000000354,1,2.2427533931679409
0.98900000000000354,1,2.2432988670756959
0.99000000000000354,1,2.2438447952823561
0.99100000000000354,1,2.2443911773338501
0.99200000000000355,1,2.2449380127765584
0.99300000000000355,1,2.2454853011573173
0.99400000000000355,1,2.2460330420234151
0.99500000000000355,1,2.2465812349225929
0.99600000000000355,1,2.247129879403043
0.99700000000000355,1,2.2476789750134101
0.99800000000000355,1,2.2482285213027899
0.99900000000000355,1,2.2487785178207282
1,1,2.2493289641172201
